{
  "Admin\\app.js": 1776163086.703037,
  "bot\\firebase.js": 1776159359.909022,
  "bot\\index.js": 1776163588.6828601,
  "rider\\app.js": 1776130174.959986,
  "rider\\firebase.js": 1775973796.2406037,
  "scratch\\register_users.js": 1775978353.4777832,
  "scratch\\reset_admins.js": 1775979691.8742013,
  "scratch\\seed_admins.js": 1775978863.188685,
  "scratch\\seed_riders.js": 1775977579.288087,
  "assets\\images\\category_icon.png": 1776079895.499862,
  "assets\\images\\Cheese Pizza.jpg": 1775688103.2904005,
  "assets\\images\\Menu.jpeg": 1775708287.0811324,
  "assets\\images\\pizza_placeholder.png": 1776079913.0809014,
  "assets\\sounds\\alert.mp3": 1775994038.8376224
}